file_name,Skip_Ansible_Lint,Local_Only_Test,Assertion_Roulette,External_Dependency,No_ENV_CleanUp
C:\Users\mehedi.md.hasan\PythonWorkspace\OSTK_ANSI\ostk-ansi\networking-ovn\networking_ovn\tests\base.py,0.0,0.0,0.0,1.0,1.0
C:\Users\mehedi.md.hasan\PythonWorkspace\OSTK_ANSI\ostk-ansi\networking-ovn\networking_ovn\tests\__init__.py,0.0,0.0,0.0,0.0,1.0
C:\Users\mehedi.md.hasan\PythonWorkspace\OSTK_ANSI\ostk-ansi\networking-ovn\networking_ovn\tests\functional\base.py,0.0,0.0,0.0,1.0,1.0
C:\Users\mehedi.md.hasan\PythonWorkspace\OSTK_ANSI\ostk-ansi\networking-ovn\networking_ovn\tests\functional\test_impl_idl.py,0.0,0.0,5.0,0.0,1.0
C:\Users\mehedi.md.hasan\PythonWorkspace\OSTK_ANSI\ostk-ansi\networking-ovn\networking_ovn\tests\functional\test_maintenance.py,0.0,0.0,9.0,0.0,1.0
C:\Users\mehedi.md.hasan\PythonWorkspace\OSTK_ANSI\ostk-ansi\networking-ovn\networking_ovn\tests\functional\test_mech_driver.py,0.0,0.0,1.0,0.0,1.0
C:\Users\mehedi.md.hasan\PythonWorkspace\OSTK_ANSI\ostk-ansi\networking-ovn\networking_ovn\tests\functional\test_metadata_agent.py,0.0,0.0,1.0,0.0,1.0
C:\Users\mehedi.md.hasan\PythonWorkspace\OSTK_ANSI\ostk-ansi\networking-ovn\networking_ovn\tests\functional\test_ovn_db_resources.py,0.0,0.0,2.0,0.0,0.0
C:\Users\mehedi.md.hasan\PythonWorkspace\OSTK_ANSI\ostk-ansi\networking-ovn\networking_ovn\tests\functional\test_ovn_db_sync.py,0.0,0.0,5.0,0.0,1.0
C:\Users\mehedi.md.hasan\PythonWorkspace\OSTK_ANSI\ostk-ansi\networking-ovn\networking_ovn\tests\functional\test_ovsdb_monitor.py,0.0,0.0,1.0,0.0,1.0
C:\Users\mehedi.md.hasan\PythonWorkspace\OSTK_ANSI\ostk-ansi\networking-ovn\networking_ovn\tests\functional\test_qos_driver.py,0.0,0.0,0.0,0.0,1.0
C:\Users\mehedi.md.hasan\PythonWorkspace\OSTK_ANSI\ostk-ansi\networking-ovn\networking_ovn\tests\functional\test_revision_numbers.py,0.0,0.0,0.0,0.0,1.0
C:\Users\mehedi.md.hasan\PythonWorkspace\OSTK_ANSI\ostk-ansi\networking-ovn\networking_ovn\tests\functional\test_router.py,0.0,0.0,0.0,0.0,1.0
C:\Users\mehedi.md.hasan\PythonWorkspace\OSTK_ANSI\ostk-ansi\networking-ovn\networking_ovn\tests\functional\test_trunk_driver.py,0.0,0.0,1.0,0.0,1.0
C:\Users\mehedi.md.hasan\PythonWorkspace\OSTK_ANSI\ostk-ansi\networking-ovn\networking_ovn\tests\functional\__init__.py,0.0,0.0,0.0,0.0,1.0
C:\Users\mehedi.md.hasan\PythonWorkspace\OSTK_ANSI\ostk-ansi\networking-ovn\networking_ovn\tests\functional\db\test_migrations.py,0.0,0.0,0.0,0.0,1.0
C:\Users\mehedi.md.hasan\PythonWorkspace\OSTK_ANSI\ostk-ansi\networking-ovn\networking_ovn\tests\functional\db\__init__.py,0.0,0.0,0.0,0.0,1.0
C:\Users\mehedi.md.hasan\PythonWorkspace\OSTK_ANSI\ostk-ansi\networking-ovn\networking_ovn\tests\functional\octavia\test_ovn_driver.py,0.0,0.0,1.0,0.0,1.0
C:\Users\mehedi.md.hasan\PythonWorkspace\OSTK_ANSI\ostk-ansi\networking-ovn\networking_ovn\tests\functional\octavia\__init__.py,0.0,0.0,0.0,0.0,1.0
C:\Users\mehedi.md.hasan\PythonWorkspace\OSTK_ANSI\ostk-ansi\networking-ovn\networking_ovn\tests\functional\resources\process.py,0.0,0.0,0.0,8.0,1.0
C:\Users\mehedi.md.hasan\PythonWorkspace\OSTK_ANSI\ostk-ansi\networking-ovn\networking_ovn\tests\functional\resources\__init__.py,0.0,0.0,0.0,0.0,1.0
C:\Users\mehedi.md.hasan\PythonWorkspace\OSTK_ANSI\ostk-ansi\networking-ovn\networking_ovn\tests\unit\fakes.py,0.0,0.0,0.0,0.0,1.0
C:\Users\mehedi.md.hasan\PythonWorkspace\OSTK_ANSI\ostk-ansi\networking-ovn\networking_ovn\tests\unit\test_ovn_db_sync.py,0.0,0.0,1.0,0.0,1.0
C:\Users\mehedi.md.hasan\PythonWorkspace\OSTK_ANSI\ostk-ansi\networking-ovn\networking_ovn\tests\unit\test_ovn_parent_tag.py,0.0,0.0,0.0,0.0,1.0
C:\Users\mehedi.md.hasan\PythonWorkspace\OSTK_ANSI\ostk-ansi\networking-ovn\networking_ovn\tests\unit\test_ovn_vtep.py,0.0,0.0,1.0,0.0,1.0
C:\Users\mehedi.md.hasan\PythonWorkspace\OSTK_ANSI\ostk-ansi\networking-ovn\networking_ovn\tests\unit\__init__.py,0.0,0.0,0.0,0.0,1.0
C:\Users\mehedi.md.hasan\PythonWorkspace\OSTK_ANSI\ostk-ansi\networking-ovn\networking_ovn\tests\unit\agent\test_stats.py,0.0,0.0,1.0,0.0,1.0
C:\Users\mehedi.md.hasan\PythonWorkspace\OSTK_ANSI\ostk-ansi\networking-ovn\networking_ovn\tests\unit\agent\__init__.py,0.0,0.0,0.0,0.0,1.0
C:\Users\mehedi.md.hasan\PythonWorkspace\OSTK_ANSI\ostk-ansi\networking-ovn\networking_ovn\tests\unit\agent\metadata\test_agent.py,0.0,0.0,0.0,0.0,1.0
C:\Users\mehedi.md.hasan\PythonWorkspace\OSTK_ANSI\ostk-ansi\networking-ovn\networking_ovn\tests\unit\agent\metadata\test_driver.py,0.0,0.0,0.0,1.0,1.0
C:\Users\mehedi.md.hasan\PythonWorkspace\OSTK_ANSI\ostk-ansi\networking-ovn\networking_ovn\tests\unit\agent\metadata\test_server.py,0.0,0.0,3.0,1.0,1.0
C:\Users\mehedi.md.hasan\PythonWorkspace\OSTK_ANSI\ostk-ansi\networking-ovn\networking_ovn\tests\unit\agent\metadata\__init__.py,0.0,0.0,0.0,0.0,1.0
C:\Users\mehedi.md.hasan\PythonWorkspace\OSTK_ANSI\ostk-ansi\networking-ovn\networking_ovn\tests\unit\cmd\test_neutron_ovn_db_sync_util.py,0.0,0.0,1.0,0.0,1.0
C:\Users\mehedi.md.hasan\PythonWorkspace\OSTK_ANSI\ostk-ansi\networking-ovn\networking_ovn\tests\unit\cmd\__init__.py,0.0,0.0,0.0,0.0,1.0
C:\Users\mehedi.md.hasan\PythonWorkspace\OSTK_ANSI\ostk-ansi\networking-ovn\networking_ovn\tests\unit\common\test_acl.py,0.0,0.0,12.0,0.0,1.0
C:\Users\mehedi.md.hasan\PythonWorkspace\OSTK_ANSI\ostk-ansi\networking-ovn\networking_ovn\tests\unit\common\test_maintenance.py,0.0,0.0,0.0,0.0,1.0
C:\Users\mehedi.md.hasan\PythonWorkspace\OSTK_ANSI\ostk-ansi\networking-ovn\networking_ovn\tests\unit\common\test_utils.py,0.0,0.0,0.0,0.0,1.0
C:\Users\mehedi.md.hasan\PythonWorkspace\OSTK_ANSI\ostk-ansi\networking-ovn\networking_ovn\tests\unit\common\__init__.py,0.0,0.0,0.0,0.0,1.0
C:\Users\mehedi.md.hasan\PythonWorkspace\OSTK_ANSI\ostk-ansi\networking-ovn\networking_ovn\tests\unit\db\test_maintenance.py,0.0,0.0,2.0,0.0,1.0
C:\Users\mehedi.md.hasan\PythonWorkspace\OSTK_ANSI\ostk-ansi\networking-ovn\networking_ovn\tests\unit\db\test_revision.py,0.0,0.0,1.0,0.0,1.0
C:\Users\mehedi.md.hasan\PythonWorkspace\OSTK_ANSI\ostk-ansi\networking-ovn\networking_ovn\tests\unit\db\__init__.py,0.0,0.0,0.0,0.0,1.0
C:\Users\mehedi.md.hasan\PythonWorkspace\OSTK_ANSI\ostk-ansi\networking-ovn\networking_ovn\tests\unit\l3\test_l3_ovn.py,0.0,0.0,28.0,0.0,1.0
C:\Users\mehedi.md.hasan\PythonWorkspace\OSTK_ANSI\ostk-ansi\networking-ovn\networking_ovn\tests\unit\l3\test_l3_ovn_scheduler.py,0.0,0.0,1.0,0.0,1.0
C:\Users\mehedi.md.hasan\PythonWorkspace\OSTK_ANSI\ostk-ansi\networking-ovn\networking_ovn\tests\unit\l3\__init__.py,0.0,0.0,0.0,0.0,1.0
C:\Users\mehedi.md.hasan\PythonWorkspace\OSTK_ANSI\ostk-ansi\networking-ovn\networking_ovn\tests\unit\ml2\test_mech_driver.py,0.0,0.0,24.0,0.0,1.0
C:\Users\mehedi.md.hasan\PythonWorkspace\OSTK_ANSI\ostk-ansi\networking-ovn\networking_ovn\tests\unit\ml2\test_qos_driver.py,0.0,0.0,1.0,0.0,1.0
C:\Users\mehedi.md.hasan\PythonWorkspace\OSTK_ANSI\ostk-ansi\networking-ovn\networking_ovn\tests\unit\ml2\test_trunk_driver.py,0.0,0.0,2.0,0.0,1.0
C:\Users\mehedi.md.hasan\PythonWorkspace\OSTK_ANSI\ostk-ansi\networking-ovn\networking_ovn\tests\unit\ml2\__init__.py,0.0,0.0,0.0,0.0,1.0
C:\Users\mehedi.md.hasan\PythonWorkspace\OSTK_ANSI\ostk-ansi\networking-ovn\networking_ovn\tests\unit\ovsdb\test_commands.py,0.0,0.0,9.0,0.0,1.0
C:\Users\mehedi.md.hasan\PythonWorkspace\OSTK_ANSI\ostk-ansi\networking-ovn\networking_ovn\tests\unit\ovsdb\test_impl_idl_ovn.py,0.0,0.0,10.0,0.0,1.0
C:\Users\mehedi.md.hasan\PythonWorkspace\OSTK_ANSI\ostk-ansi\networking-ovn\networking_ovn\tests\unit\ovsdb\test_ovsdb_monitor.py,0.0,0.0,16.0,2.0,1.0
C:\Users\mehedi.md.hasan\PythonWorkspace\OSTK_ANSI\ostk-ansi\networking-ovn\networking_ovn\tests\unit\ovsdb\__init__.py,0.0,0.0,0.0,0.0,1.0
